DROP TABLE IF EXISTS  usersContact, usersAddress, usersCredentials, plantVarieties, zones, plantParents, gardenPlants, plantTypes, gardenBeds, gardenLayout, userGardens, users;

CREATE TABLE users (
  id INT NOT NULL AUTO_INCREMENT,

  first_name VARCHAR(50),
  last_name VARCHAR(50),
  PRIMARY KEY (id)
  );

CREATE TABLE usersContact (
  id INT NOT NULL AUTO_INCREMENT,
  user_id INT NOT NULL,
  phone1 VARCHAR(50),
  phone2 VARCHAR(50),
  email VARCHAR(50),
  PRIMARY KEY (id),
  FOREIGN KEY (user_id)
  REFERENCES users (id)
    ON DELETE CASCADE
);

CREATE TABLE usersAddress (
  id INT NOT NULL AUTO_INCREMENT,
  user_id INT NOT NULL,
  address VARCHAR(100),
  city VARCHAR(50),
  county VARCHAR(50),
  state VARCHAR(50),
  zip VARCHAR(50),
  PRIMARY KEY (id),
  FOREIGN KEY (user_id)
  REFERENCES users (id)
    ON DELETE CASCADE
);

CREATE TABLE usersCredentials (
  id INT NOT NULL AUTO_INCREMENT,
  user_id INT NOT NULL,
  username VARCHAR(25),
  password VARCHAR(100),
  PRIMARY KEY (id),
  UNIQUE KEY (username),
  FOREIGN KEY (user_id)
  REFERENCES users (id)
    ON DELETE CASCADE
);

CREATE TABLE userGardens (
  garden_id INT NOT NULL AUTO_INCREMENT,
  user_id INT NOT NULL,
  zone_id INT NOT NULL,
  garden_width INT NOT NULL,
  garden_length INT NOT NULL,
  PRIMARY KEY (garden_id),
  FOREIGN KEY (user_id)
    REFERENCES users (id)
    ON DELETE CASCADE
);

CREATE TABLE gardenBeds (
  bed_id INT NOT NULL AUTO_INCREMENT,
  garden_id INT NOT NULL,
  bed_type TINYINT NOT NULL,
  bed_width INT NOT NULL,
  bed_length INT NOT NULL,
  PRIMARY KEY (bed_id),
  FOREIGN KEY (garden_id)
    REFERENCES userGardens (garden_id)
    ON DELETE CASCADE
);

CREATE TABLE gardenLayout (
  layout_id INT NOT NULL AUTO_INCREMENT,
  bed_id INT NOT NULL,
  garden_id INT NOT NULL,
  i VARCHAR(2),
  x INT NOT NULL,
  y INT NOT NULL,
  w INT NOT NULL,
  h INT NOT NULL,
  isDraggable TINYINT NOT NULL,
  isResizable TINYINT NOT NULL,
  isPlanter TINYINT NOT NULL,
  PRIMARY KEY (layout_id),
  FOREIGN KEY (bed_id)
    REFERENCES gardenBeds (bed_id)
    ON DELETE CASCADE
);

CREATE TABLE plantTypes (
  plantGroupName VARCHAR(12),
  PRIMARY KEY (plantGroupName)
);

CREATE TABLE plantParents (
  plantParent_id INT NOT NULL AUTO_INCREMENT,
  plantGroup_id VARCHAR(12),
  plantParent_name VARCHAR(50),
  plantParent_spacing INT,
  plantParent_sowDepth INT,
  plantParent_sun VARCHAR(24),
  plantParent_soil VARCHAR(24),
  plantParent_watering VARCHAR(48),
  PRIMARY KEY (plantParent_id),
  FOREIGN KEY (plantGroup_id)
  REFERENCES plantTypes(plantGroupName)
    ON DELETE CASCADE
);



CREATE TABLE plantVarieties (
  id INT NOT NULL AUTO_INCREMENT,
  plantParent_id INT NOT NULL,
  variety_name VARCHAR(36),
  variety_description VARCHAR(1000),
  height INT,
  daysToHarvest INT,
  PRIMARY KEY (id),
  KEY (variety_name),
  FOREIGN KEY (plantParent_id)
  REFERENCES plantParents(plantParent_id)
    ON DELETE CASCADE
  -- FOREIGN KEY (variety_name)
  --   REFERENCES gardenPlants(plant_variety)
  --   ON DELETE CASCADE
);

CREATE TABLE gardenPlants (
  id INT NOT NULL AUTO_INCREMENT,
  bed_id INT NOT NULL,
  plant_variety VARCHAR(36),
  PRIMARY KEY (id),
  -- KEY (plant_variety),
  FOREIGN KEY (plant_variety)
    REFERENCES plantVarieties(variety_name)
    ON UPDATE CASCADE
    ON DELETE CASCADE,
  FOREIGN KEY (bed_id)
    REFERENCES gardenBeds(bed_id)
    ON DELETE CASCADE
);

CREATE TABLE zones (
    id INT NOT NULL AUTO_INCREMENT,
    zone_id INT NOT NULL,
    plant_id INT NOT NULL,
    spring_sow_start VARCHAR(60),
    spring_sow_end VARCHAR(60),
    spring_transplant_start VARCHAR(60),
    spring_transplant_end VARCHAR(60),
    fall_sow_start VARCHAR(60),
    fall_sow_end VARCHAR(60),
    fall_transplant_start VARCHAR(60),
    fall_transplant_end VARCHAR(60),
    PRIMARY KEY (id),
    FOREIGN KEY (plant_id)
    REFERENCES plantParents(plantParent_id)
);

INSERT INTO users
	(first_name, last_name)
VALUES 
    ("Dummy", "User");

INSERT INTO usersContact
    (user_id, phone1, phone2, email)
VALUES
    (1, "555-555-5555", "555-555-5555", "dummy@dummy.com");

INSERT INTO usersAddress
    (user_id, address, city, county, state, zip)
VALUES
    (1, "123 Dummy St", "Dummyville", "Dummy", "Texas", "78660");

INSERT INTO usersCredentials
    (user_id, username, password)
VALUES
    (1, "dummy", "dummy");

INSERT INTO userGardens
    (user_id, zone_id, garden_width, garden_length)
VALUES
    (1, 8, 24, 24);

INSERT INTO gardenBeds
    (garden_id, bed_type, bed_width, bed_length)
VALUES
    (1, 1, 12, 12);

INSERT INTO gardenLayout
    (bed_id, garden_id, i, x, y, w, h, isDraggable, isResizable, isPlanter)
VALUES
    (1, 1, '0', 0, 0, 12, 12, 1, 0, 1);

INSERT INTO plantTypes
    (plantGroupName)
VALUES
    ("Fruit"),
    ("Vegetable"),
    ("Leafy Greens"),
    ("Gourd"),
    ("Herb"),
    ("Legume"),
    ("Flower");

INSERT INTO plantParents
    (plantGroup_id, plantParent_name, plantParent_spacing, plantParent_sowDepth, plantParent_sun, plantParent_soil, plantParent_watering)
VALUES
    ("Vegetable", "Arugula", 30, 0.5, "Full Sun", "Loam", "Well-drained"),
    ("Vegetable", "Asparagus", 21, 8, "Full Sun/Part Shade", "Loam", "Loose soil"),
    ("Legume", "Beans", 3.5, 1.5, "Full Sun", "Loam", "Well-drained"),
    ("Vegetable", "Beets", 3.5, 0.75, "Full Sun/Part Shade", "Loam", "Well-drained"),
    ("Vegetable", "Brussels Sprouts", 18, 0.5, "Full Sun", "Loam", "Well-drained"),
    ("Leafy Greens", "Cabbage", 18, 0.5, "Full Sun", "Loam", "Well-drained"),
    ("Fruit", "Melon", 18, 1, "Full Sun", "Loam", "Well-drained"),
    ("Vegetable", "Carrots", 3, 0.5, "Full Sun", "Sandy", "Well-drained"),
    ("Vegetable", "Cauliflower", 30, 0.5, "Full Sun", "Loam", "Well-drained"),
    ("Leafy Greens", "Chard", 9, 0.75, "Full Sun/Part Shade", "High organic matter/Loam", "Well-drained"),
    ("Vegetable", "Corn", 5, 1, "Full Sun", "Loam", "Well-drained"),
    ("Fruit", "Cucumber", 12, 0.5, "Full Sun", "Loam", "Well-drained"),
    ("Fruit", "Eggplant", 21, 0.25, "Full Sun", "Sandy", "Well-drained"),
    ("Vegetable", "Garlic", 4, 2, "Full Sun", "Loam", "Well-drained"),
    ("Leafy Greens", "Kale", 15, 0.5, "Full Sun", "Loam", "Well-drained"),
    ("Vegetable", "Leek", 5, 0.5, "Full Sun/Part Shade", "Loam", "Well-drained"),
    ("Leafy Greens", "Lettuce", 8, 0.5, "Full Sun/Part Shade", "Loam", "High moisture/Well-drained"),
    ("Fruit", "Okra", 15, 0.75, "Full Sun", "Loam", "Well-drained"),
    ("Vegetable", "Onion", 4, 0.5, "Full Sun", "Loam", "Well-drained"),
    ("Legume", "Pea", 2.5, 1.5, "Full Sun/Part Shade", "Loam", "Well-drained"),
    ("Fruit", "Pepper", 18, 0.25, "Full Sun", "Loam", "Well-drained"),
    ("Vegetable", "Potato", 10, 4, "Full Sun", "Loam", "Loose, Well-drained"),
    ("Vegetable", "Sweet Potato", 15, 0.5, "Full Sun", "Loam", "Well-drained"),
    ("Vegetable", "Radish", 2, 0.5, "Full Sun", "Clay/Loam/Sandy", "Loose, Well-drained"),
    ("Vegetable", "Shallot", 1, 0.25, "Full Sun/Part Shade", "Loam", "Well-drained"),
    ("Leafy Greens", "Spinach", 7, 0.5, "Full Sun/Part Shade", "Loam", "High moisture/Well-drained"),
    ("Fruit", "Summer Squash", 24, 0.5, "Full Sun", "Loam", "Well-drained"),
    ("Fruit", "Winter Squash", 24, 0.5, "Full Sun", "Loam", "Well-drained"),
    ("Fruit", "Tomato", 18, 0.5, "Full Sun", "Loam", "High Moisture/Well-drained"),
    ("Vegetable", "Turnip", 7, 0.5, "Full Sun/Part Shade", "Loam", "Well-drained"),
    ("Vegetable", "Celery", 8, 0.5, "Full Sun/Part Shade", "Loam", "Well-drained"),
    ("Leafy Greens", "Arugula", 6, 0.25, "Full Sun/Part Shade", "Loam", "Well-drained"),
    ("Herb", "Basil", 11, 0.5, "Full Sun", "Loam", "Well-drained"),
    ("Herb", "Dill", 12, 0.5, "Full Sun", "Loam", "Well-drained"),
    ("Herb", "Catnip", 18, 0.25, "Full Sun", "Loam", "Well-drained"),
    ("Herb", "Coriander", 12, 0.5, "Full Sun", "Loam", "Well-drained"),
    ("Herb", "Lavender", 21, 0.5, "Full Sun", "Loam", "Well-drained"),
    ("Herb", "Oregano", 8, 0.5, "Full Sun", "Loam", "Well-drained"),
    ("Herb", "Parsley", 8, 0.5, "Full Sun", "Loam", "Well-drained"),
    ("Herb", "Mint", 18, 0.5, "Full Sun", "Loam", "Well-drained"),
    ("Herb", "Rosemary", 21, 0.5, "Full Sun", "Loam", "Well-drained"),
    ("Herb", "Sage", 17, 0.5, "Full Sun", "Loam", "Well-drained"),
    ("Flower", "Sunflower", 18, 1, "Full Sun", "Loam", "High moisture/Well-drained"),
    ("Flower", "Zinnia", 12, 0.5, "Full Sun", "Loam", "Well-drained"),
    ("Flower", "Marigold", 12, 0.5, "Full Sun", "Loam", "Well-drained"),
    ("Flower", "Cosmos", 12, 0.5, "Full Sun", "Loam", "Well-drained"),
    ("Flower", "Hibiscus", 24, 0.25, "Full Sun", "Loam", "High moisture/Well-drained"),
    ("Vegetable", "Broccoli", 18, 0.5, "Full Sun", "Loam", "Well-drained");




    
INSERT INTO plantVarieties
    (plantParent_id, variety_name, variety_description, height, daysToHarvest)
VALUES
    (1, "Astro Arugula", "Arugula is the general name for several leafy salad greens with pungent, peppery leaves. Like most salad greens, it’s an annual and does best in cooler weather. The arugula plant is low growing with dull green leaves that can be blanched to almost white when covered while still growing.", 18, 45),
    (1, "Rocket Arugula", "Arugula is the general name for several leafy salad greens with pungent, peppery leaves. Like most salad greens, it’s an annual and does best in cooler weather. The arugula plant is low growing with dull green leaves that can be blanched to almost white when covered while still growing.", 18, 45),
    (2, "Mary Washington Asparagus", "Asparagus can be grown in most temperate regions, but grows more robustly in cooler areas with long winters. The edible part of the asparagus plant is the young stem shoot, which emerges as soil temperatures rise above 50°F in spring. Because asparagus stays productive for so long, it’s important to plant the best variety available for your area.", 84, 365),
    (2, "Purple Passion Asparagus", "Asparagus can be grown in most temperate regions, but grows more robustly in cooler areas with long winters. The edible part of the asparagus plant is the young stem shoot, which emerges as soil temperatures rise above 50°F in spring. Because asparagus stays productive for so long, it’s important to plant the best variety available for your area.", 84, 365),
    (3, "Kentucky Wonder Pole Beans", "The Kentucky Wonder is an heirloom pole bean plant with high yields and a dark green color! Delicious heirloom pole bean with heavy yields. An all-purpose bean that taste great fresh, freezing or canning when pods are young. For stringless and most tender beans harvest when they are young and only 4-5 inches.", 20, 56),
    (3, "Provider Bush Beans", "Excellent fresh and retains flavor after pickling. Medium-green, round, stringless pods to 6 inches long. Dependable, good choice for cool soil, early or late sowing; does well in heat and adverse weather. Adapted for many regions.", 20, 52),
    (3, "Goldencrop Wax Beans", "Tender, stringless bean. Straight round bright-yellow 5 to 6½ inch pods; white seeds. Small compact upright plants; beans set in hot weather, resists blossom drop. Pods set well off ground. Abundant yield. Suited for home gardens.", 20, 65),
    (3, "King of the Garden Lima Beans", "Bush butterbean type. Excellent quality. Pods are broad, 4 to 6 inches long, smooth and flat; white seeds. Vigorous climber well adapted to cool growing conditions.", 20, 85),
    (4, "Detroit Dark Red Beets", "Perfectly round 3 inch beets have striking dark-red, succulent flesh infused with deep, sweet flavor. Heirloom’s baby beets make for excellent eating. Harvesting promotes growth of the remaining beets. When planting, mix beet seeds with fast sprouting radish seeds to mark the rows.", 12, 52),
    (4, "Red Ace Beets", "Reliable, adaptable, and fast-maturing beet with strong tops. Sweet and tender, even when older. Medium-tall, red-veined greens for bunching.", 12, 50),
    (5, "Churchill Brussel Sprout", "Brussels sprouts are a member of the cabbage family, and an excellent source of protein and vitamins. Most varieties of this plant have an extremely long growing season with a lengthy interval between planting and harvest, as much as 130 days. Though there are some shorter-season varieties. This hybrid grows fast and develops early.", 30, 100),
    (5, "Green Gems Sprout", "Brussels sprouts are a member of the cabbage family, and an excellent source of protein and vitamins. Most varieties of this plant have an extremely long growing season with a lengthy interval between planting and harvest, as much as 130 days. Though there are some shorter-season varieties.", 30, 100),
    (6, "Green Cabbage", "Cabbage grows well in fertile soil and likes sun or partial shade. Available in a variety of green shades, as well as purple or red, the shapes and textures vary widely.", 18, 120),
    (6, "Red Cabbage", "Cabbage grows well in fertile soil and likes sun or partial shade. Available in a variety of green shades, as well as purple or red, the shapes and textures vary widely. Red cabbage can take longer to mature.", 18, 120),
    (6, "Boc Choy", "Bok choy, also known as Chinese cabbage, is a cool-season biennial vegetable that is normally harvested for consumption in its first year of growth. It has crisp stalks surrounded by smooth, tender leaves with a flavor that is somewhere between cabbage and chard. Plants form an upright head, with outward flaring leaves, and its white or green stalks look like smooth, non-stringy celery.", 10, 60),
    (7, "Cantaloupe", "The cantaloupe plant, also known as muskmelon, is a popular melon that is commonly grown in many home gardens, as well as commercially. It is easily recognized by the net-like rind and sweet orange color inside. Cantaloupes are closely related to cucumbers, squash, and pumpkins and, therefore, share similar growing conditions.", 56, 90),
    (7, "Watermelon", "Watermelons have firm outer rinds and soft inner flesh with high water content which is dotted throughout with seeds. Watermelons should be grown in well-draining soil as they are intolerant of soggy conditions. They grow on hairy vines which trail along the ground, producing hairy foliage and pale green flowers in July and August.", 56, 90),
    (7, "Honeydew Melon", "This melon grows on an annual vine, which is frost tender. The flesh is pale green and watery and can be eaten raw or dried. These melons usually ripen in late summer or early fall, following flowering in early to mid-summer months. Honeydews are rich in Vitamin C and Vitamin B and are very low in calories. It grows best is warmer, almost tropical environments", 56, 90),
    (8, "Danvers Carrot", "The carrot is a root vegetable. Danvers carrots are medium sized carrots, often called “half size.” They were once a choice carrot for their flavor, especially when young, because mature roots can become fibrous.", 10, 90),
    (8, "Kaleidoscope Carrot", "The carrot is a root vegetable. The Kaleidoscope variety is a seed mix that will grow in 5 different colors. The most commonly eaten part of the plant is the taproot, but the greens are sometimes eaten as well. The leaves appear first, and the taproot grows more slowly beneath the soil. Fast-growing cultivars mature within three months of sowing the seed. Slower-maturing cultivars are harvested four months after sowing.", 10, 90),
    (8, "Deep Purple Hybrid Carrot", "The carrot is a root vegetable. This variety is purple all the way through, and makes an irresistible ornamental display of color in salads, snacks, or dips.. It is The most commonly eaten part of the plant is the taproot, but the greens are sometimes eaten as well. The leaves appear first, and the taproot grows more slowly beneath the soil. Fast-growing cultivars mature within three months of sowing the seed. Slower-maturing cultivars are harvested four months after sowing.", 10, 90),
    (9, "White Cauliflower", "Cauliflower is a sun-loving, cool-season crop to grow in spring and fall. An annual plant in the Brassica family, cauliflower’s edible white flesh is extremely healthy and considered a superfood. It grows a tightly bunched florets of cauliflower connected by a thick core, often with a few light leaves surrounding it.", 18, 80),
    (9, "Romanesco Cauliflower", "Cauliflower is a sun-loving, cool-season crop to grow in spring and fall. An annual plant in the Brassica family, cauliflower’s edible flesh is extremely healthy and considered a superfood. It grows a tightly bunched florets of cauliflower connected by a thick core, often with a few light leaves surrounding it. Also called the Broccoflower, the Romanesco cauliflower is a green variety that has striking florets that give its head a spiky appearance.", 18, 80),
    (10, "Swiss Rainbow Chard", "Swiss chard is a member of the beet family and both its stems and leaves can be eaten cooked or raw. Best known for its bright and colorful stems, Swiss chart comes in a rainbow of hues—pink, yellow, orange, red, and white. Typically grown as a cool-season crop because it grows quickly and easily during the cooler temperatures of spring and fall, chard is tolerant of hotter temperatures, too.", 9, 35),
    (10, "Barese Chard", "Swiss chard is a member of the beet family and both its stems and leaves can be eaten cooked or raw. This white-stemmed heirloom variety is a dwarf type, only reaching about 9 inches tall at maturity. Typically grown as a cool-season crop because it grows quickly and easily during the cooler temperatures of spring and fall, chard is tolerant of hotter temperatures, too.", 24, 35),
    (11, "Butter and Sugar Standard Corn", "Corn is a plant that grows long ears of kernels on tall, grass-like stalks. Many large farms grow fields of corn each year, for human or animals to eat, or to make corn-based products. Bicolor white and yellow kernels.", 62, 73),
    (11, "Breeder's Choice Sweet Corn", "Corn is a plant that grows long ears of kernels on tall, grass-like stalks. Many large farms grow fields of corn each year, for human or animals to eat, or to make corn-based products. Extra sweet, tender, creamy, light yellow kernels.", 62, 73),
    (11, "Ruby Queen Hybrid Sweet Corn", "Corn is a plant that grows long ears of kernels on tall, grass-like stalks. Many large farms grow fields of corn each year, for human or animals to eat, or to make corn-based products. A deep shade of vibrant red, this type is as beautiful as it is delicious, with sweet, tender kernels.", 84, 75),
    (12, "English Cucumber", "An easy-care vegetable that loves sun and water, cucumbers grow quickly as long as they receive consistent watering and warmth. They have dark green skin that is smooth or very slightly ridged, and the skin is so thin that the cucumber does not need to be peeled before being eaten. These cucumbers are considered to be the ‘common’ cucumber in most European countries, though they are less common in North America.", 24, 60),
    (12, "Straight Eight Cucumber", "An easy-care vegetable that loves sun and water, cucumbers grow quickly as long as they receive consistent watering and warmth. The fruits have a smooth, dark green skin, and a rounded shape at either end. This is an heirloom variety that has remained popular with home growers for many decades, thanks to its reliable production and dependably delicious cucumbers.", 24, 60),
    (12, "Alibi Cucumber", "An easy-care vegetable that loves sun and water, cucumbers grow quickly as long as they receive consistent watering and warmth. This is regarded as one of the best types of pickling cucumbers you can grow, although the fruits are versatile and can also be used for eating raw. At full maturity, these cucumbers will measure around 4 inches long, and be half an inch wide.", 24, 55),
    (13, "Italian Eggplant", "The eggplant is a delicate, tropical perennial plant often cultivated as a tender or half-hardy annual in temperate climates. This variety is egg-shaped, glossy, and purple with white flesh and a spongy, 'meaty' texture.", 30, 80),
    (13, "Japanese Eggplant", "The eggplant is a delicate, tropical perennial plant often cultivated as a tender or half-hardy annual in temperate climates. This variety is long and narrow in shape. It has a glossy, and purple with white flesh and a spongy, 'meaty' texture.", 30, 80),
    (13, "Indian Eggplant", "The eggplant is a delicate, tropical perennial plant often cultivated as a tender or half-hardy annual in temperate climates. This variety has a small, round shape to its fruit. Dark purple exterior with white flesh and a spongy, 'meaty' texture.", 30, 80),
    (14, "Softneck Garlic", "A bulbous perennial, garlic is a species in the genus Allium, with close cousins including chives, leeks, onions, and shallots. It grows 18-24 inches tall, and the head, or bulb, is a storage organ used for fuel reserves to prepare for adverse and wintery conditions. Softnecks often have many smaller cloves and they sometimes form multiple layers of bulbs around the stem.", 18, 90),
    (14, "Hardneck Garlic", "A bulbous perennial, garlic is a species in the genus Allium, with close cousins including chives, leeks, onions, and shallots. It grows 18-24 inches tall, and the head, or bulb, is a storage organ used for fuel reserves to prepare for adverse and wintery conditions. Hardnecks produce a scape, or stalk, in late spring that grows from the center of the plant.", 18, 90),
    (14, "Elephant Garlic", "A bulbous perennial, garlic is a species in the genus Allium, with close cousins including chives, leeks, onions, and shallots. It grows 18-24 inches tall, and the head, or bulb, is a storage organ used for fuel reserves to prepare for adverse and wintery conditions. Elephant garlic is a completely different kind of garlic and grows huge bulbs.", 18, 90),
    (15, "Dinosaur Kale", "Dinosaur kale is a dark green leafy vegetable. Popular in Italian food, it's also called Tuscan kale or cavolo nero. The leaves are so hearty that, even when well cooked, they retain a wonderful firm texture, making it a great choice for braising or adding to stews. It's also sweeter and less bitter than other types of kale and packed with healthy nutrients.", 18, 65),
    (15, "Common Curly Kale", "Curly kale is one of the most common types of kale you will see in the grocery store. It is a green variety with large, ruffled leaves. A popular cultivar is Winterbor, which is cold hardy and can grow 2-3 feet tall. ", 32, 65),
    (15, "Scotch Kale", "The most popular variety is ‘Blue Curled Scotch’ kale, also called ‘Vates’ kale. This variety has blue green leaves that are very curly. It tends to be a shorter variety that grows less than 2 feet tall. It produces early, but is biennial, and can survive for two growing seasons.", 18, 65),
    (16, "American Flag Leek", "Native to Europe and Africa and best planted in the cool early spring or fall months, leeks are characterized by tough, flat, bluish-green leaves encircle each other, forming a cylindrical base at one end and a fan of folded leaves at the other. The leaves grow opposite each other, and the plant takes on an almost flat appearance until the leaves become long and floppy. One of the tallest heirloom varietals, the American flag leek has long, narrow shafts and a mild, sweet flavor. They're a good choice to overwinter in mild climates.", 30, 115),
    (16, "Early Giant Leek", "Native to Europe and Africa and best planted in the cool early spring or fall months, leeks are characterized by tough, flat, bluish-green leaves encircle each other, forming a cylindrical base at one end and a fan of folded leaves at the other. The leaves grow opposite each other, and the plant takes on an almost flat appearance until the leaves become long and floppy. As alluded to by its name, the early giant leek has one of the shorter maturation periods, ready to harvest in around 98 days. It also boasts especially thick stems, with a mild flavor.", 30, 115),
    (16, "Autumn Giant Leek", "Native to Europe and Africa and best planted in the cool early spring or fall months, leeks are characterized by tough, flat, bluish-green leaves encircle each other, forming a cylindrical base at one end and a fan of folded leaves at the other. The leaves grow opposite each other, and the plant takes on an almost flat appearance until the leaves become long and floppy. This tall heirloom variety can reach heights over more than 30 inches, and is typically ready to harvest in 130 days.", 32, 130),
    (17, "Looseleaf Lettuce", "Lettuce is a cool weather crop and is best grown in spring and fall. The seeds germinate in temperatures as low as 40 F but its ideal germination and growing temperature is between 60 and 65 F. Looseleaf lettuce is among the easiest to grow. It’s also super speedy, forming large loose heads in just five to six weeks.", 18, 50),
    (17, "Romaine Lettuce", "Lettuce is a cool weather crop and is best grown in spring and fall. The seeds germinate in temperatures as low as 40 F but its ideal germination and growing temperature is between 60 and 65 F. An essential ingredient in Caesar salad, romaine lettuce plants form tight, upright heads of crisp leaves.", 24, 65),
    (17, "Butterhead Lettuce", "Lettuce is a cool weather crop and is best grown in spring and fall. The seeds germinate in temperatures as low as 40 F but its ideal germination and growing temperature is between 60 and 65 F. Butterhead lettuce, also known as Boston or Bibb, forms lovely loose heads of tender crisp leaves. There are heat tolerant varieties of butterhead that can be grown in summer, as well as cold tolerant varieties for winter harvesting. ", 16, 50),
    (18, "Clemson Spineless Okra", "Okra, native to Africa and related to hibiscus, arrived in North America in the 1600s. This edible green seed pods quickly became popular in the Deep South as both a side dish and a thickening for gumbo and stews. As a crop, okra thrives in any climate where corn will grow. The large-flowered, fast-growing plants reach 2 to 6 feet tall depending on the cultivar. A typical okra plant at 4 feet or slightly more in mature height, Clemson Spineless accounts for the lion’s share of commercial and home planting.", 48, 58),
    (18, "Hill Country Red Okra", "Okra, native to Africa and related to hibiscus, arrived in North America in the 1600s. This edible green seed pods quickly became popular in the Deep South as both a side dish and a thickening for gumbo and stews. As a crop, okra thrives in any climate where corn will grow. The large-flowered, fast-growing plants reach 2 to 6 feet tall depending on the cultivar. An heirloom from the Texas Hill Country of South Texas, plants top out at six-feet tall, adding structural interest to the garden. Thick green fruits tinged with red grow up to six inches long.", 72, 64),
    (19, "Yellow Onion", "Yellow onions grow very well in Texas home gardens. Bulb onions may be sliced and used on sandwiches or dipped in batter and fried as onion rings. Although onions are a source of vitamins A and C, they are used mostly as a flavoring in other food dishes.", 24, 64),
    (19, "White Onion", "White onions grow very well in Texas home gardens. Bulb onions may be sliced and used on sandwiches or dipped in batter and fried as onion rings. Although onions are a source of vitamins A and C, they are used mostly as a flavoring in other food dishes.", 24, 64),
    (19, "Green Onion", "Also known as salad onions, bunching onions, Welsh onions and spring onions. These onions produce long edible green tops instead of the normal large heads that we think of for onions. Some have heads that never bulge and others have a more pronounced head, but still nothing like a normal onion.", 18, 48),
    (20, "English Peas", "Peas have both low-growing and vining cultivars. The vining cultivars grow thin tendrils from leaves that coil around any available support and can climb to be 1–2 m high. A traditional approach to supporting climbing peas is to thrust branches pruned from trees or other woody plants upright into the soil, providing a lattice for the peas to climb. English peas do not have edible pods; you have to wait until fully plumped up before shelling and eating them.", 54, 50),
    (20, "Sugar Snap Peas", "Peas have both low-growing and vining cultivars. The vining cultivars grow thin tendrils from leaves that coil around any available support and can climb to be 1–2 m high. A traditional approach to supporting climbing peas is to thrust branches pruned from trees or other woody plants upright into the soil, providing a lattice for the peas to climb. Sugar snap peas are a cross between English peas and snow peas. As with English peas, the seeds are allowed to plump up a bit. However, the pods are crisp and edible.", 54, 50),
    (29, "Beefsteak Tomato", "Beefsteak tomatoes have meaty flesh and numerous seeds. There are many varieties available with different sized fruit, harvest times and growing ranges.", 84, 85),
    (33, "Sweet Basil", "Sweet basil has dark green leaves and a spicy aroma with a sweet clove-like taste.", 18, 30),
    (33, "Thai Basil", "Fragrant and delicious herb with tender green leaves. Great in just about anything - salad, sauces, meat marinades, and even popcorn.", 18, 30),
    (34, "Fernleaf Dill", "Dill is an herb wth slender green stems and feathery, delicate leaves. It's flowers are white to yellow. Fresh and dried dill leaves are used to season fish, borscht, and to make pickles. Dill is best when used fresh. It loses its flavor rapidly if dried. Dill seed is also used as a spice.", 18, 30);

    INSERT INTO zones
    (zone_id, plant_id, spring_sow_start, spring_sow_end, spring_transplant_start, spring_transplant_end, fall_sow_start, fall_sow_end, fall_transplant_start, fall_transplant_end)
VALUES
    (3, 1, "June 14", "April 21", "May 9", "June 16", null, null, null, null),
    (3, 2, "February 15", "April 21", "May 5", "June 2", null, null, null, null),
    (3, 3, "May 19", "July 28", null, null, null, null, null, null),
    (3, 4, "May 5", "July 28", null, null, null, null, null, null),
    (3, 5, "March 24", "April 21", "May 5", "June 12", null, null, null, null),
    (3, 6, "March 24", "April 21", "April 21", "May 5", "June 12", "July 24", "August 15", "September 5"),
    (3, 7, "June 2", "June 30", null, null, null, null, null, null),
    (3, 8, "May 5", "June 2", null, null, "July 10", "August 21", null, null),
    (3, 9, "March 24", "April 21", "April 21", "May 5", "June 12", "July 24", "August 15", "September 5"),
    (3, 10, "May 1", "July 28", null, null, "July 10", "August 21", null, null),
    (3, 11, "June 1", "June 20", null, null, null, null, null, null),
    (3, 12, "June 2", "June 29", null, null, null, null, null, null),
    (3, 13, "March 10", "March 24", "June 2", "June 30", null, null, null, null),
    (3, 14, null, null, "May 5", "June 2", null, null, null, null),
    (3, 15, "March 24", "April 7", "April 21", "May 5", "July 10", "July 24", "August 15", "September 4"),
    (3, 16, "April 21", "May 5", null, null, "July 10", "April 24", null, null),
    (3, 17, "April 21", "May 5", null, null, "July 10", "April 24", null, null),
    (3, 18, "June 16", "July 28", null, null, null, null, null, null),
    (3, 19, "March 1", "March 24", "April 21", "May 19", null, null, null, null),
    (3, 20, "April 21", "June 2", null, null, "July 10","August 21", null, null),
    (3, 21, "March 10", "March 24", "June 2", "June 30", null, null, null, null),
    (3, 22, null, null, "May 5", "June 2", null, null, null, null),
    (3, 23, null, null, "May 5", "June 2", null, null, null, null),
    (3, 24, "April 24", "June 2", null, null, "July 10", "August 21", null, null),
    (3, 25, null, null, "May 5", "June 2", null, null, null, null),
    (3, 26, "April 21", "June 16", null, null, "July 10", "August 21", null, null),
    (3, 27, "June 2", "June 30", null, null, null, null, null, null),
    (3, 28, "June 2", "June 30", null, null, null, null, null, null),
    (3, 29, "March 24", "April 7", "June 2", "June 30", null, null, null, null),
    (3, 30, "April 21", "June 2", null, null, null, null, null, null),
    (3, 31, "February 5", "March 28", "April 21", "May 5", null, null, null, null),
    (3, 32, "May 5", "June 2", null, null, "July 10", "August 21", null, null),
    (3, 33, "March 24", "April 27", "May 19", "June 16", null, null, null, null),
    (3, 34, "March 24", "April 27", "May 19", "June 16", null, null, null, null),
    (3, 35, "March 24", "April 27", "May 19", "June 16", null, null, null, null),
    (3, 36, "March 24", "April 27", "May 19", "June 16", null, null, null, null),
    (3, 37, null, null, null, null, null, null, null, null),
    (3, 38, "March 10", "March 17", "May 19", "June 16", null, null, null, null),
    (3, 39, "March 10", "March 17", "May 19", "June 16", null, null, null, null),
    (3, 40, "March 24", "April 17", "May 19", "June 16", null, null, null, null),
    (3, 41, "March 24", "April 17", "May 19", "June 16", null, null, null, null),
    (3, 42, "March 24", "April 17", "May 19", "June 16", null, null, null, null),
    (3, 43, "May 26", "June 16", null, null, null, null, null, null),
    (3, 44, "April 21", "May 5", "May 19", "June 16", null, null, null, null),
    (3, 45, "March 24", "April 7", "May 19", "June 16", null, null, null, null),
    (3, 46, "March 24", "April 7", "May 19", "June 16", null, null, null, null),
    (3, 47, null, null, null, null, null, null, null, null),
    (3, 48, "February 19", "March 18", "March 18", "April 15", "August 1", "August 30", "September 3", "October 1"),
    (4, 1, "June 14", "April 21", "May 9", "June 16", null, null, null, null),
    (4, 2, "February 15", "April 21", "May 5", "June 2", null, null, null, null),
    (4, 3, "May 19", "July 28", null, null, null, null, null, null),
    (4, 4, "May 5", "July 28", null, null, null, null, null, null),
    (4, 5, "March 24", "April 21", "May 5", "June 12", null, null, null, null),
    (4, 6, "March 24", "April 21", "April 21", "May 5", "June 12", "July 24", "August 15", "September 5"),
    (4, 7, "June 2", "June 30", null, null, null, null, null, null),
    (4, 8, "May 5", "June 2", null, null, "July 10", "August 21", null, null),
    (4, 9, "March 24", "April 21", "April 21", "May 5", "June 12", "July 24", "August 15", "September 5"),
    (4, 10, "May 1", "July 28", null, null, "July 10", "August 21", null, null),
    (4, 11, "June 1", "June 20", null, null, null, null, null, null),
    (4, 12, "June 2", "June 29", null, null, null, null, null, null),
    (4, 13, "March 10", "March 24", "June 2", "June 30", null, null, null, null),
    (4, 14, null, null, "May 5", "June 2", null, null, null, null),
    (4, 15, "March 24", "April 7", "April 21", "May 5", "July 10", "July 24", "August 15", "September 4"),
    (4, 16, "April 21", "May 5", null, null, "July 10", "April 24", null, null),
    (4, 17, "April 21", "May 5", null, null, "July 10", "April 24", null, null),
    (4, 18, "June 16", "July 28", null, null, null, null, null, null),
    (4, 19, "March 1", "March 24", "April 21", "May 19", null, null, null, null),
    (4, 20, "April 21", "June 2", null, null, "July 10","August 21", null, null),
    (4, 21, "March 10", "March 24", "June 2", "June 30", null, null, null, null),
    (4, 22, null, null, "May 5", "June 2", null, null, null, null),
    (4, 23, null, null, "May 5", "June 2", null, null, null, null),
    (4, 24, "April 24", "June 2", null, null, "July 10", "August 21", null, null),
    (4, 25, null, null, "May 5", "June 2", null, null, null, null),
    (4, 26, "April 21", "June 16", null, null, "July 10", "August 21", null, null),
    (4, 27, "June 2", "June 30", null, null, null, null, null, null),
    (4, 28, "June 2", "June 30", null, null, null, null, null, null),
    (4, 29, "March 24", "April 7", "June 2", "June 30", null, null, null, null),
    (4, 30, "April 21", "June 2", null, null, null, null, null, null),
    (4, 31, "February 5", "March 28", "April 21", "May 5", null, null, null, null),
    (4, 32, "May 5", "June 2", null, null, "July 10", "August 21", null, null),
    (4, 33, "March 24", "April 27", "May 19", "June 16", null, null, null, null),
    (4, 34, "March 24", "April 27", "May 19", "June 16", null, null, null, null),
    (4, 35, "March 24", "April 27", "May 19", "June 16", null, null, null, null),
    (4, 36, "March 24", "April 27", "May 19", "June 16", null, null, null, null),
    (4, 37, null, null, null, null, null, null, null, null),
    (4, 38, "March 10", "March 17", "May 19", "June 16", null, null, null, null),
    (4, 39, "March 10", "March 17", "May 19", "June 16", null, null, null, null),
    (4, 40, "March 24", "April 17", "May 19", "June 16", null, null, null, null),
    (4, 41, "March 24", "April 17", "May 19", "June 16", null, null, null, null),
    (4, 42, "March 24", "April 17", "May 19", "June 16", null, null, null, null),
    (4, 43, "May 26", "June 16", null, null, null, null, null, null),
    (4, 44, "April 21", "May 5", "May 19", "June 16", null, null, null, null),
    (4, 45, "March 24", "April 7", "May 19", "June 16", null, null, null, null),
    (4, 46, "March 24", "April 7", "May 19", "June 16", null, null, null, null),
    (4, 47, null, null, null, null, null, null, null, null),
    (4, 48, "February 19", "March 18", "March 18", "April 15", "August 1", "August 30", "September 3", "October 1"),
    (5, 1, "March 7", "March 21", "May 2", "May 30", null, null, null, null),
    (5, 2, "February 8", "April 4", "March 28", "May 16", null, null, null, null),
    (5, 3, "May 16", "July 13", null, null, null, null, null, null),
    (5, 4, "May 16", "July 13", null, null, "August 6", "September 17", null, null),
    (5, 5, "March 7", "April 4", "April 18", "May 16", "July 9", "August 20", "September 1", "October 15"),
    (5, 6, "March 7", "April 4", "April 18", "May 16", "July 9", "August 20", "September 1", "October 15"),
    (5, 7, "May 16", "June 13", null, null, null, null, null, null),
    (5, 8, "April 18", "July 25", null, null, "August 6", "September 17", null, null),
    (5, 9, "March 7", "April 4", "April 18", "May 16", "July 9", "August 20", "September 1", "October 15"),
    (5, 10, "April 18", "July 11", null, null, "July 10", "August 21", null, null),
    (5, 11, "May 2", "June 13", null, null, null, null, null, null),
    (5, 12, "May 16", "June 13", null, null, null, null, null, null),
    (5, 13, "February 22", "March 2", "May 16", "May 30", null, null, null, null),
    (5, 14, null, null, "March 26", "May 16", null, null, "September 1", "October 1"),
    (5, 15, "February 19", "March 4", "March 25", "April 29", "September 3", "October 15", "September 3", "October 15"),
    (5, 16, "April 4", "May 16", null, null, "August 6", "September 17", null, null),
    (5, 17, "March 7", "April 4", "April 4", "May 16", null, null, null, null),
    (5, 18, "May 30", "June 11", null, null, null, null, null, null),
    (5, 19, "February 22", "March 7", "March 7", "May 5", null, null, null, null),
    (5, 20, "April 4", "May 16", null, null, null, null, null, null),
    (5, 21, "February 22", "March 7", "May 2", "Mayu 30", null, null, null, null),
    (5, 22, null, null, "March 25", "June 2", null, null, null, null),
    (5, 23, null, null, "May 16", "June 13", null, null, null, null),
    (5, 24, "March 28", "May 16", null, null, "August 6", "September 17", null, null),
    (5, 25, null, null, "March 7", "May 16", null, null, null, null),
    (5, 26, "April 4", "May 30", null, null, null, null, null, null),
    (5, 27, "May 16", "July 11", null, null, null, null, null, null),
    (5, 28, "May 16", "July 11", null, null, null, null, null, null),
    (5, 29, "March 7", "March 21", "May 2", "May 30", null, null, null, null),
    (5, 30, "April 4", "May 16", null, null, "August 6", "September 17", null, null),
    (5, 31, "February 5", "March 28", "April 21", "May 5", null, null, null, null),
    (5, 32, "May 5", "June 2", null, null, "July 10", "August 21", null, null),
    (5, 33, "March 7", "March 21", "May 2", "May 30", null, null, null, null),
    (5, 34, "March 7", "March 21", "May 2", "May 30", null, null, null, null),
    (5, 35, "March 7", "March 21", "May 2", "May 30", null, null, null, null),
    (5, 36, "March 7", "March 21", "May 2", "May 30", null, null, null, null),
    (5, 37, "February 22", "March 21", "May 2", "May 30", null, null, null, null),
    (5, 38, "March 7", "March 21", "May 2", "May 30", null, null, null, null),
    (5, 39, "March 7", "March 21", "May 2", "May 30", null, null, null, null),
    (5, 40, "February 22", "March 21", "May 2", "May 30", null, null, null, null),
    (5, 41, "February 8", "February 22", "May 2", "May 30", null, null, null, null),
    (5, 42, "February 22", "March 7", "May 2", "May 30", null, null, null, null),
    (5, 43, "May 9", "June 23", null, null, null, null, null, null),
    (5, 44, "April 4", "April 18", "May 2", "May 30", null, null, null, null),
    (5, 45, "March 21", "April 4", "May 9", "May 16", null, null, null, null),
    (5, 46, "March 24", "April 7", "May 2", "May 30", null, null, null, null),
    (5, 47, "January 25", "February 22", "March 28", "May 17", null, null, null, null),
    (5, 48, "March 7", "April 4", "April 18", "May 16", "July 9", "August 20", "September 1", "October 15"),
    (6, 1, "March 7", "March 21", "May 2", "May 30", null, null, null, null),
    (6, 2, "February 8", "April 4", "March 28", "May 16", null, null, null, null),
    (6, 3, "May 16", "July 13", null, null, null, null, null, null),
    (6, 4, "May 16", "July 13", null, null, "August 6", "September 17", null, null),
    (6, 5, "March 7", "April 4", "April 18", "May 16", "July 9", "August 20", "September 1", "October 15"),
    (6, 6, "March 7", "April 4", "April 18", "May 16", "July 9", "August 20", "September 1", "October 15"),
    (6, 7, "May 16", "June 13", null, null, null, null, null, null),
    (6, 8, "April 18", "July 25", null, null, "August 6", "September 17", null, null),
    (6, 9, "March 7", "April 4", "April 18", "May 16", "July 9", "August 20", "September 1", "October 15"),
    (6, 10, "April 18", "July 11", null, null, "July 10", "August 21", null, null),
    (6, 11, "May 2", "June 13", null, null, null, null, null, null),
    (6, 12, "May 16", "June 13", null, null, null, null, null, null),
    (6, 13, "February 22", "March 2", "May 16", "May 30", null, null, null, null),
    (6, 14, null, null, "March 26", "May 16", null, null, "September 1", "October 1"),
    (6, 15, "February 19", "March 4", "March 25", "April 29", "September 3", "October 15", "September 3", "October 15"),
    (6, 16, "April 4", "May 16", null, null, "August 6", "September 17", null, null),
    (6, 17, "March 7", "April 4", "April 4", "May 16", null, null, null, null),
    (6, 18, "May 30", "June 11", null, null, null, null, null, null),
    (6, 19, "February 22", "March 7", "March 7", "May 5", null, null, null, null),
    (6, 20, "April 4", "May 16", null, null, null, null, null, null),
    (6, 21, "February 22", "March 7", "May 2", "Mayu 30", null, null, null, null),
    (6, 22, null, null, "March 25", "June 2", null, null, null, null),
    (6, 23, null, null, "May 16", "June 13", null, null, null, null),
    (6, 24, "March 28", "May 16", null, null, "August 6", "September 17", null, null),
    (6, 25, null, null, "March 7", "May 16", null, null, null, null),
    (6, 26, "April 4", "May 30", null, null, null, null, null, null),
    (6, 27, "May 16", "July 11", null, null, null, null, null, null),
    (6, 28, "May 16", "July 11", null, null, null, null, null, null),
    (6, 29, "March 7", "March 21", "May 2", "May 30", null, null, null, null),
    (6, 30, "April 4", "May 16", null, null, "August 6", "September 16", null, null),
    (6, 31, "February 5", "March 28", "April 21", "May 5", null, null, null, null),
    (6, 32, "May 5", "June 2", null, null, "July 10", "August 21", null, null),
    (6, 33, "March 7", "March 21", "May 2", "May 30", null, null, null, null),
    (6, 34, "March 7", "March 21", "May 2", "May 30", null, null, null, null),
    (6, 35, "March 7", "March 21", "May 2", "May 30", null, null, null, null),
    (6, 36, "March 7", "March 21", "May 2", "May 30", null, null, null, null),
    (6, 37, "February 22", "March 21", "May 2", "May 30", null, null, null, null),
    (6, 38, "March 7", "March 21", "May 2", "May 30", null, null, null, null),
    (6, 39, "March 7", "March 21", "May 2", "May 30", null, null, null, null),
    (6, 40, "February 22", "March 21", "May 2", "May 30", null, null, null, null),
    (6, 41, "February 8", "February 22", "May 2", "May 30", null, null, null, null),
    (6, 42, "February 22", "March 7", "May 2", "May 30", null, null, null, null),
    (6, 43, "May 9", "June 23", null, null, null, null, null, null),
    (6, 44, "April 4", "April 18", "May 2", "May 30", null, null, null, null),
    (6, 45, "March 21", "April 4", "May 9", "May 16", null, null, null, null),
    (6, 46, "March 24", "April 7", "May 2", "May 30", null, null, null, null),
    (6, 47, "January 25", "February 22", "March 28", "May 17", null, null, null, null),
    (6, 48, "March 7", "April 4", "April 18", "May 16", "July 9", "August 20", "September 1", "October 15"),
    (7, 1, "November 20", "January 20", "February 15", "April 15", null, null, null, null),
    (7, 2, "January 22", "February 19", "March 7", "April 29", null, null, null, null),
    (7, 3, "April 15", "June 24", null, null, null, null, null, null),
    (7, 4, "April 1", "May 27", null, null, "July 15", "April 15", null, null),
    (7, 5, "February 18", "March 18", "March 18", "April 15", "July 15", "August 15", "September 9", "December 25"),
    (7, 6, "January 1", "March 27", "February 15", "May 5", "September 25", "December 15", "October 1", "December 25"),
    (7, 7, "April 15", "May 27", null, null, null, null, null, null),
    (7, 8, "April 1", "April 29", null, null, null, null, null, null),
    (7, 9, "February 19", "March 18", "March 18", "April 15", "August 1", "August 15", "September 9", "September 15"),
    (7, 10, "April 1", "June 24", null, null, "August 15", "September 17", null, null),
    (7, 11, "April 15", "May 27", null, null, null, null, null, null),
    (7, 12, "April 15", "June 29", null, null, null, null, null, null),
    (7, 13, "February 5", "February 19", "April 11", "May 27", null, null, null, null),
    (7, 14, null, null, "March 7", "April 15", null, null, "September 15", "October 13"),
    (7, 15, "February 19", "March 4", "March 25", "April 29", "September 3", "October 15", "September 3", "October 15"),
    (7, 16, "March 18", "April 29", null, null, null, null, null, null),
    (7, 17, "March 4", "March 18", "March 25", "April 29", "July 23", "September 3", "July 23", "September 3"),
    (7, 18, "March 14", "June 24", null, null, null, null, null, null),
    (7, 19, "February 1", "February 19", "February 15", "May 15", null, null, null, null),
    (7, 20, "March 4", "June 24", null, null, null, null, null, null),
    (7, 21, "February 5", "February 29", "April 11", "May 27", null, null, null, null),
    (7, 22, null, null, "March 15", "April 15", null, null, null, null),
    (7, 23, null, null, "April 15", "May 27", null, null, null, null),
    (7, 24, "April 1", "June 24", null, null, null, null, null, null),
    (7, 25, null, null, "February 15", "May 15", null, null, null, null),
    (7, 26, "March 4", "March 18", "March 25", "April 29", "September 3", "October 1", "September 3", "October 1"),
    (7, 27, "April 29", "May 27", null, null, null, null, null, null),
    (7, 28, "April 29", "May 27", null, null, null, null, null, null),
    (7, 29, "February 19", "March 4", "April 11", "May 27", null, null, null, null),
    (7, 30, "March 18", "April 29", null, null, null, null, null, null),
    (7, 31, "January 22", "February 5", "March 18", "April 1", null, null, null, null),
    (7, 32, "March 18", "June 24", null, null, "July 23", "October 1", null, null),
    (7, 33, "February 19", "March 4", "April 11", "May 13", null, null, null, null),
    (7, 34, "February 19", "March 4", "April 11", "May 13", null, null, null, null),
    (7, 35, "February 19", "March 4", "April 11", "May 13", null, null, null, null),
    (7, 36, "February 19", "March 4", "April 11", "May 13", null, null, null, null),
    (7, 37, "February 5", "March 4", "April 11", "May 13", null, null, null, null),
    (7, 38, "February 19", "March 4", "April 11", "May 13", null, null, null, null),
    (7, 39, "February 19", "March 4", "April 11", "May 13", null, null, null, null),
    (7, 40, "February 5", "February 12", "April 11", "May 13", null, null, null, null),
    (7, 41, "January 22", "February 5", "April 11", "May 13", null, null, null, null),
    (7, 42, "February 5", "February 19", "April 11", "May 13", null, null, null, null),
    (7, 43, "April 22", "June 26", null, null, null, null, null, null),
    (7, 44, "March 8", "April 1", "April 11", "May 13", null, null, null, null),
    (7, 45, "March 4", "March 18", "April 11", "May 13", null, null, null, null),
    (7, 46, "March 4", "March 18", "April 11", "May 13", null, null, null, null),
    (7, 47, "January 8", "February 5", "March 7", "April 29", null, null, null, null),
    (7, 48, "February 19", "March 18", "March 18", "April 15", "August 1", "August 30", "September 3", "October 1"),
    (8, 1, "November 20", "January 20", "February 15", "April 15", null, null, null, null),
    (8, 2, "January 22", "February 19", "March 7", "April 29", null, null, null, null),
    (8, 3, "April 15", "June 24", null, null, null, null, null, null),
    (8, 4, "April 1", "May 27", null, null, "July 15", "April 15", null, null),
    (8, 5, "February 18", "March 18", "March 18", "April 15", "July 15", "August 15", "September 9", "December 25"),
    (8, 6, "January 1", "March 27", "February 15", "May 5", "September 25", "December 15", "October 1", "December 25"),
    (8, 7, "April 15", "May 27", null, null, null, null, null, null),
    (8, 8, "April 1", "April 29", null, null, null, null, null, null),
    (8, 9, "February 19", "March 18", "March 18", "April 15", "August 1", "August 15", "September 9", "September 15"),
    (8, 10, "April 1", "June 24", null, null, "August 15", "September 17", null, null),
    (8, 11, "April 15", "May 27", null, null, null, null, null, null),
    (8, 12, "April 15", "June 29", null, null, null, null, null, null),
    (8, 13, "February 5", "February 19", "April 11", "May 27", null, null, null, null),
    (8, 14, null, null, "March 7", "April 15", null, null, "September 15", "October 13"),
    (8, 15, "February 19", "March 4", "March 25", "April 29", "September 3", "October 15", "September 3", "October 15"),
    (8, 16, "March 18", "April 29", null, null, null, null, null, null),
    (8, 17, "March 4", "March 18", "March 25", "April 29", "July 23", "September 3", "July 23", "September 3"),
    (8, 18, "March 14", "June 24", null, null, null, null, null, null),
    (8, 19, "February 1", "February 19", "February 15", "May 15", null, null, null, null),
    (8, 20, "March 4", "June 24", null, null, null, null, null, null),
    (8, 21, "February 5", "February 29", "April 11", "May 27", null, null, null, null),
    (8, 22, null, null, "March 15", "April 15", null, null, null, null),
    (8, 23, null, null, "April 15", "May 27", null, null, null, null),
    (8, 24, "April 1", "June 24", null, null, null, null, null, null),
    (8, 25, null, null, "February 15", "May 15", null, null, null, null),
    (8, 26, "March 4", "March 18", "March 25", "April 29", "September 3", "October 1", "September 3", "October 1"),
    (8, 27, "April 29", "May 27", null, null, null, null, null, null),
    (8, 28, "April 29", "May 27", null, null, null, null, null, null),
    (8, 29, "February 19", "March 4", "April 11", "May 27", null, null, null, null),
    (8, 30, "March 18", "April 29", null, null, null, null, null, null),
    (8, 31, "January 22", "February 5", "March 18", "April 1", null, null, null, null),
    (8, 32, "March 18", "June 24", null, null, "July 23", "October 1", null, null),
    (8, 33, "February 19", "March 4", "April 11", "May 13", null, null, null, null),
    (8, 34, "February 19", "March 4", "April 11", "May 13", null, null, null, null),
    (8, 35, "February 19", "March 4", "April 11", "May 13", null, null, null, null),
    (8, 36, "February 19", "March 4", "April 11", "May 13", null, null, null, null),
    (8, 37, "February 5", "March 4", "April 11", "May 13", null, null, null, null),
    (8, 38, "February 19", "March 4", "April 11", "May 13", null, null, null, null),
    (8, 39, "February 19", "March 4", "April 11", "May 13", null, null, null, null),
    (8, 40, "February 5", "February 12", "April 11", "May 13", null, null, null, null),
    (8, 41, "January 22", "February 5", "April 11", "May 13", null, null, null, null),
    (8, 42, "February 5", "February 19", "April 11", "May 13", null, null, null, null),
    (8, 43, "April 22", "June 26", null, null, null, null, null, null),
    (8, 44, "March 8", "April 1", "April 11", "May 13", null, null, null, null),
    (8, 45, "March 4", "March 18", "April 11", "May 13", null, null, null, null),
    (8, 46, "March 4", "March 18", "April 11", "May 13", null, null, null, null),
    (8, 47, "January 8", "February 5", "March 7", "April 29", null, null, null, null),
    (7, 48, "February 19", "March 18", "March 18", "April 15", "August 1", "August 30", "September 3", "October 1"),
    (9, 1, "March 7", "March 21", "May 2", "May 30", null, null, null, null),
    (9, 2, "February 8", "April 4", "March 28", "May 16", null, null, null, null),
    (9, 3, "May 16", "June 13", null, null, null, null, null, null),
    (9, 4, "May 16", "June 13", null, null, "August 6", "September 17", null, null),
    (9, 5, "March 7", "April 4", "April 18", "May 16", "July 9", "August 20", "September 1", "October 15"),
    (9, 6, "March 7", "April 4", "April 18", "May 16", "July 9", "August 20", "September 1", "October 15"),
    (9, 7, "May 16", "June 13", null, null, null, null, null, null),
    (9, 8, "April 18", "July 21", null, null, "August 6", "September 15", null, null),
    (9, 9, "March 7", "April 4", "April 18", "May 16", "July 9", "August 20", "September 1", "October 15"),
    (9, 10, "April 18", "July 11", null, null, null, null, null, null),
    (9, 11, "May 2", "June 13", null, null, null, null, null, null),
    (9, 12, "May 16", "June 13", null, null, null, null, null, null),
    (9, 13, "February 22", "March 2", "May 16", "May 30", null, null, null, null),
    (9, 14, null, null, "March 25", "May 16", null, null, "September 1", "October 1"),
    (9, 15, "March 25", "May 3", null, null, "August 5", "August 18", null, null),
    (9, 16, "April 4", "May 16", null, null, "August 6", "September 17", null, null),
    (9, 17, "March 7", "April 4", "April 4", "May 16", null, null, null, null),
    (9, 18, "May 30", "July 11", null, null, null, null, null, null),
    (9, 19, "February 22", "March 7", "March 7", "May 3", null, null, null, null),
    (9, 20, "April 4", "May 16", null, null, null, null, null, null),
    (9, 21, "February 22", "March 7", "May 3", "June 1", null, null, null, null),
    (9, 22, null, null, "March 25", "May 16", null, null, null, null),
    (9, 23, null, null, "May 16", "June 13", null, null, null, null),
    (9, 24, "March 28", "May 16", null, null, "August 6", "September 16", null, null),
    (9, 25, null, null, "March 7", "May 15", null, null, null, null),
    (9, 26, "April 4", "June 1", null, null, null, null, null, null),
    (9, 27, "May 16", "July 11", null, null, null, null, null, null),
    (9, 28, "May 16", "July 11", null, null, null, null, null, null),
    (9, 29, "March 7", "March 21", "May 2", "May 30", null, null, null, null),
    (9, 30, "April 4", "May 16", null, null, "August 6", "September 17", null, null),
    (9, 31, "February 8", "February 22", "April 18", "May 2", null, null, null, null),
    (9, 32, "April 18", "May 16", null, null, "August 6", "September 17", null, null),
    (9, 33, "March 7", "March 21", "May 2", "May 30", null, null, null, null),
    (9, 34, "March 7", "March 21", "May 2", "May 30", null, null, null, null),
    (9, 35, "March 7", "March 21", "May 2", "May 30", null, null, null, null),
    (9, 36, "March 7", "March 21", "May 2", "May 30", null, null, null, null),
    (9, 37, "February 2", "March 21", "May 3", "May 30", null, null, null, null),
    (9, 38, "March 7", "March 21", "May 2", "May 30", null, null, null, null),
    (9, 39, "March 7", "March 21", "May 2", "May 30", null, null, null, null),
    (9, 40, "February 22", "March 18", "May 2", "May 30", null, null, null, null),
    (9, 41, "January 8", "February 22", "May 2", "May 30", null, null, null, null),
    (9, 42, "February 21", "March 14", "May 2", "May 30", null, null, null, null),
    (9, 43, "May 9", "June 23", null, null, null, null, null, null),
    (9, 44, "April 4", "April 18", "May 2", "May 30", null, null, null, null),
    (9, 45, "March 7", "March 21", "May 2", "May 30", null, null, null, null),
    (9, 46, "March 21", "April 4", "May 9", "May 16", null, null, null, null),
    (9, 47, "January 25", "February 22", "April 1", "May 17", null, null, null, null),
    (9, 48, "March 7", "April 4", "April 18", "May 16", "July 9", "August 16", "September 1", "October 14"),
    (10, 1, "March 7", "March 21", "May 2", "May 30", null, null, null, null),
    (10, 2, "February 8", "April 4", "March 28", "May 16", null, null, null, null),
    (10, 3, "May 16", "June 13", null, null, null, null, null, null),
    (10, 4, "May 16", "June 13", null, null, "August 6", "September 17", null, null),
    (10, 5, "March 7", "April 4", "April 18", "May 16", "July 9", "August 20", "September 1", "October 15"),
    (10, 6, "March 7", "April 4", "April 18", "May 16", "July 9", "August 20", "September 1", "October 15"),
    (10, 7, "May 16", "June 13", null, null, null, null, null, null),
    (10, 8, "April 18", "July 21", null, null, "August 6", "September 15", null, null),
    (10, 9, "March 7", "April 4", "April 18", "May 16", "July 9", "August 20", "September 1", "October 15"),
    (10, 10, "April 18", "July 11", null, null, null, null, null, null),
    (10, 11, "May 2", "June 13", null, null, null, null, null, null),
    (10, 12, "May 16", "June 13", null, null, null, null, null, null),
    (10, 13, "February 22", "March 2", "May 16", "May 30", null, null, null, null),
    (10, 14, null, null, "March 25", "May 16", null, null, "September 1", "October 1"),
    (10, 15, "March 25", "May 3", null, null, "August 5", "August 18", null, null),
    (10, 16, "April 4", "May 16", null, null, "August 6", "September 17", null, null),
    (10, 17, "March 7", "April 4", "April 4", "May 16", null, null, null, null),
    (10, 18, "May 30", "July 11", null, null, null, null, null, null),
    (10, 19, "February 22", "March 7", "March 7", "May 3", null, null, null, null),
    (10, 20, "April 4", "May 16", null, null, null, null, null, null),
    (10, 21, "February 22", "March 7", "May 3", "June 1", null, null, null, null),
    (10, 22, null, null, "March 25", "May 16", null, null, null, null),
    (10, 23, null, null, "May 16", "June 13", null, null, null, null),
    (10, 24, "March 28", "May 16", null, null, "August 6", "September 16", null, null),
    (10, 25, null, null, "March 7", "May 15", null, null, null, null),
    (10, 26, "April 4", "June 1", null, null, null, null, null, null),
    (10, 27, "May 16", "July 11", null, null, null, null, null, null),
    (10, 28, "May 16", "July 11", null, null, null, null, null, null),
    (10, 29, "March 7", "March 21", "May 2", "May 30", null, null, null, null),
    (10, 30, "April 4", "May 16", null, null, "August 6", "September 17", null, null),
    (10, 31, "February 8", "February 22", "April 18", "May 2", null, null, null, null),
    (10, 32, "April 18", "May 16", null, null, "August 6", "September 17", null, null),
    (10, 33, "March 7", "March 21", "May 2", "May 30", null, null, null, null),
    (10, 34, "March 7", "March 21", "May 2", "May 30", null, null, null, null),
    (10, 35, "March 7", "March 21", "May 2", "May 30", null, null, null, null),
    (10, 36, "March 7", "March 21", "May 2", "May 30", null, null, null, null),
    (10, 37, "February 2", "March 21", "May 3", "May 30", null, null, null, null),
    (10, 38, "March 7", "March 21", "May 2", "May 30", null, null, null, null),
    (10, 39, "March 7", "March 21", "May 2", "May 30", null, null, null, null),
    (10, 40, "February 22", "March 18", "May 2", "May 30", null, null, null, null),
    (10, 41, "January 8", "February 22", "May 2", "May 30", null, null, null, null),
    (10, 42, "February 21", "March 14", "May 2", "May 30", null, null, null, null),
    (10, 43, "May 9", "June 23", null, null, null, null, null, null),
    (10, 44, "April 4", "April 18", "May 2", "May 30", null, null, null, null),
    (10, 45, "March 7", "March 21", "May 2", "May 30", null, null, null, null),
    (10, 46, "March 21", "April 4", "May 9", "May 16", null, null, null, null),
    (10, 47, "January 25", "February 22", "April 1", "May 17", null, null, null, null),
    (10, 48, "March 7", "April 4", "April 18", "May 16", "July 9", "August 16", "September 1", "October 14");



